{"lr-AdamW/pg1": 7.5600000000000005e-06, "lr-AdamW/pg2": 7.5600000000000005e-06, "lr-AdamW/pg3": 7.5600000000000005e-06, "lr-AdamW/pg4": 7.5600000000000005e-06, "mlm/train/loss": 7.692697048187256, "mlm/train/accuracy": 0.13953489065170288, "itm/train/loss": 0.702423095703125, "itm/train/wpa_loss": -0.00044826671364717185, "itm/train/accuracy": 0.4583333432674408, "epoch": 1, "_runtime": 27977, "_timestamp": 1636346838, "_step": 189, "mlm/val/loss": 8.74297046661377, "mlm/val/accuracy": 0.14394930005073547, "itm/val/loss": 0.6959059834480286, "itm/val/wpa_loss": 3.3339918445562944e-05, "itm/val/accuracy": 0.49793851375579834, "itm/val/accuracy_epoch": 0.4979405701160431, "itm/val/loss_epoch": 0.6959058046340942, "itm/val/wpa_loss_epoch": 3.333990753162652e-05, "mlm/val/accuracy_epoch": 0.1436210423707962, "mlm/val/loss_epoch": 8.742962837219238, "val/the_metric": 0.6415616273880005, "itm/train/accuracy_epoch": 0.49980321526527405, "itm/train/loss_epoch": 0.7034593820571899, "itm/train/wpa_loss_epoch": -1.3850223695044406e-05, "mlm/train/accuracy_epoch": 0.05161500349640846, "mlm/train/loss_epoch": 10.030681610107422, "train/the_metric": 0.5514182448387146}