{"lr-AdamW/pg1": 6.76e-06, "lr-AdamW/pg2": 6.76e-06, "lr-AdamW/pg3": 6.76e-06, "lr-AdamW/pg4": 6.76e-06, "mlm/train/loss": 8.328957557678223, "mlm/train/accuracy": 0.145454540848732, "itm/train/loss": 0.6909002065658569, "itm/train/wpa_loss": -0.0009381710551679134, "itm/train/accuracy": 0.4909090995788574, "epoch": 1, "_runtime": 28226, "_timestamp": 1636348346, "_step": 169, "mlm/val/loss": 8.705403327941895, "mlm/val/accuracy": 0.14345787465572357, "itm/val/loss": 0.6955570578575134, "itm/val/wpa_loss": -0.0007242806605063379, "itm/val/accuracy": 0.49937087297439575, "itm/val/accuracy_epoch": 0.4993801712989807, "itm/val/loss_epoch": 0.6955572366714478, "itm/val/wpa_loss_epoch": -0.000724281242582947, "mlm/val/accuracy_epoch": 0.1434623748064041, "mlm/val/loss_epoch": 8.705401420593262, "val/the_metric": 0.6428425312042236, "itm/train/accuracy_epoch": 0.49945375323295593, "itm/train/loss_epoch": 0.703377902507782, "itm/train/wpa_loss_epoch": -0.0006943271146155894, "mlm/train/accuracy_epoch": 0.05326582118868828, "mlm/train/loss_epoch": 10.014763832092285, "train/the_metric": 0.5527195930480957}